Employee_ID,Review_Period,Performance_Rating,Manager_Feedback,Promotion_Consideration
EMP0220,Annual 2023,4,Meets Expectations,FALSE
EMP0145,H2 2023,3,Exceeds Expectations,TRUE
EMP0321,H1 2023,4,Meets Expectations,TRUE
EMP0143,H2 2023,4,Needs Improvement,FALSE
EMP0467,H2 2023,3,Exceeds Expectations,TRUE
EMP0370,H2 2023,2,Meets Expectations,TRUE
EMP0060,H1 2023,2,Exceeds Expectations,TRUE
EMP0309,Annual 2023,4,Needs Improvement,TRUE
EMP0249,Annual 2023,3,Exceeds Expectations,TRUE
EMP0051,Annual 2023,4,Meets Expectations,TRUE
EMP0482,H1 2023,4,Exceeds Expectations,TRUE
EMP0151,H2 2023,1,Needs Improvement,FALSE
EMP0181,H1 2023,4,Needs Improvement,TRUE
EMP0318,Annual 2023,3,Exceeds Expectations,FALSE
EMP0070,Annual 2023,2,Exceeds Expectations,FALSE
EMP0074,Annual 2023,2,Meets Expectations,TRUE
EMP0389,Annual 2023,2,Meets Expectations,TRUE
EMP0181,H2 2023,3,Exceeds Expectations,FALSE
EMP0193,H1 2023,3,Needs Improvement,TRUE
EMP0457,Annual 2023,3,Meets Expectations,TRUE
EMP0472,H2 2023,1,Meets Expectations,FALSE
EMP0036,H1 2023,2,Needs Improvement,FALSE
EMP0106,H1 2023,1,Meets Expectations,FALSE
EMP0065,Annual 2023,1,Exceeds Expectations,TRUE
EMP0063,H1 2023,2,Needs Improvement,FALSE
EMP0298,H2 2023,1,Needs Improvement,TRUE
EMP0340,H1 2023,4,Needs Improvement,FALSE
EMP0128,H1 2023,3,Needs Improvement,FALSE
EMP0350,H2 2023,4,Exceeds Expectations,TRUE
EMP0010,Annual 2023,2,Needs Improvement,FALSE
EMP0060,H2 2023,2,Exceeds Expectations,FALSE
EMP0028,H1 2023,3,Meets Expectations,FALSE
EMP0484,H1 2023,2,Meets Expectations,TRUE
EMP0310,H1 2023,3,Meets Expectations,TRUE
EMP0110,H1 2023,4,Needs Improvement,TRUE
EMP0461,H1 2023,2,Exceeds Expectations,FALSE
EMP0223,Annual 2023,2,Meets Expectations,TRUE
EMP0394,H2 2023,4,Exceeds Expectations,FALSE
EMP0408,H2 2023,1,Needs Improvement,FALSE
EMP0270,Annual 2023,3,Meets Expectations,FALSE
EMP0304,H2 2023,1,Exceeds Expectations,FALSE
EMP0004,H1 2023,2,Needs Improvement,FALSE
EMP0210,H2 2023,3,Needs Improvement,FALSE
EMP0379,Annual 2023,2,Needs Improvement,TRUE
EMP0440,H2 2023,4,Needs Improvement,TRUE
EMP0106,H2 2023,4,Needs Improvement,TRUE
EMP0337,Annual 2023,3,Meets Expectations,TRUE
EMP0484,H1 2023,2,Needs Improvement,TRUE
EMP0126,Annual 2023,1,Needs Improvement,TRUE
EMP0262,H1 2023,1,Exceeds Expectations,FALSE
EMP0184,H1 2023,1,Exceeds Expectations,FALSE
EMP0458,H2 2023,1,Exceeds Expectations,FALSE
EMP0194,Annual 2023,3,Meets Expectations,FALSE
EMP0024,H1 2023,4,Meets Expectations,FALSE
EMP0279,H2 2023,1,Needs Improvement,TRUE
EMP0141,H2 2023,1,Meets Expectations,FALSE
EMP0051,H1 2023,2,Meets Expectations,FALSE
EMP0009,H1 2023,4,Needs Improvement,TRUE
EMP0326,H1 2023,3,Exceeds Expectations,TRUE
EMP0108,Annual 2023,4,Needs Improvement,TRUE
EMP0032,Annual 2023,4,Exceeds Expectations,FALSE
EMP0413,H1 2023,2,Exceeds Expectations,TRUE
EMP0118,H2 2023,4,Exceeds Expectations,TRUE
EMP0093,Annual 2023,1,Meets Expectations,TRUE
EMP0045,Annual 2023,1,Exceeds Expectations,TRUE
EMP0332,H1 2023,3,Exceeds Expectations,FALSE
EMP0457,H2 2023,1,Needs Improvement,TRUE
EMP0360,H2 2023,1,Meets Expectations,TRUE
EMP0405,Annual 2023,2,Needs Improvement,FALSE
EMP0242,Annual 2023,2,Meets Expectations,TRUE
EMP0312,Annual 2023,1,Meets Expectations,FALSE
EMP0074,H1 2023,2,Exceeds Expectations,FALSE
EMP0462,H1 2023,4,Meets Expectations,FALSE
EMP0132,H2 2023,1,Needs Improvement,TRUE
EMP0328,H2 2023,1,Meets Expectations,TRUE
EMP0430,H1 2023,1,Meets Expectations,TRUE
EMP0117,Annual 2023,2,Needs Improvement,TRUE
EMP0002,Annual 2023,3,Exceeds Expectations,TRUE
EMP0476,Annual 2023,3,Needs Improvement,TRUE
EMP0107,Annual 2023,1,Needs Improvement,FALSE
EMP0352,Annual 2023,2,Exceeds Expectations,TRUE
EMP0017,H2 2023,4,Exceeds Expectations,FALSE
EMP0077,H1 2023,2,Exceeds Expectations,FALSE
EMP0139,H1 2023,2,Needs Improvement,FALSE
EMP0327,H2 2023,2,Needs Improvement,FALSE
EMP0389,H2 2023,3,Needs Improvement,FALSE
EMP0054,H2 2023,4,Exceeds Expectations,TRUE
EMP0161,Annual 2023,4,Needs Improvement,FALSE
EMP0379,H1 2023,3,Exceeds Expectations,TRUE
EMP0364,Annual 2023,3,Exceeds Expectations,FALSE
EMP0356,H1 2023,3,Exceeds Expectations,FALSE
EMP0364,H2 2023,3,Exceeds Expectations,TRUE
EMP0438,H2 2023,1,Meets Expectations,TRUE
EMP0152,Annual 2023,4,Needs Improvement,FALSE
EMP0416,H2 2023,3,Meets Expectations,FALSE
EMP0398,H2 2023,2,Meets Expectations,TRUE
EMP0123,Annual 2023,3,Exceeds Expectations,FALSE
EMP0057,H1 2023,1,Exceeds Expectations,TRUE
EMP0405,H1 2023,3,Needs Improvement,FALSE
EMP0392,H1 2023,2,Meets Expectations,TRUE
EMP0154,Annual 2023,1,Exceeds Expectations,FALSE
EMP0351,Annual 2023,1,Meets Expectations,FALSE
EMP0037,H2 2023,1,Needs Improvement,TRUE
EMP0260,Annual 2023,4,Needs Improvement,FALSE
EMP0179,H1 2023,1,Needs Improvement,FALSE
EMP0472,H2 2023,3,Needs Improvement,FALSE
EMP0475,Annual 2023,2,Meets Expectations,TRUE
EMP0500,H1 2023,4,Exceeds Expectations,FALSE
EMP0061,H2 2023,4,Needs Improvement,FALSE
EMP0232,H2 2023,1,Meets Expectations,FALSE
EMP0056,H2 2023,4,Needs Improvement,FALSE
EMP0274,H2 2023,3,Exceeds Expectations,TRUE
EMP0225,Annual 2023,1,Meets Expectations,TRUE
EMP0338,H1 2023,4,Meets Expectations,TRUE
EMP0476,H1 2023,2,Needs Improvement,FALSE
EMP0468,H2 2023,4,Exceeds Expectations,TRUE
EMP0396,H1 2023,1,Needs Improvement,FALSE
EMP0429,H2 2023,2,Needs Improvement,TRUE
EMP0367,H1 2023,2,Exceeds Expectations,FALSE
EMP0185,H1 2023,3,Exceeds Expectations,TRUE
EMP0135,Annual 2023,2,Needs Improvement,FALSE
EMP0113,Annual 2023,2,Needs Improvement,TRUE
EMP0384,H1 2023,3,Exceeds Expectations,TRUE
EMP0445,Annual 2023,4,Meets Expectations,FALSE
EMP0006,H1 2023,1,Exceeds Expectations,FALSE
EMP0010,H2 2023,4,Exceeds Expectations,TRUE
EMP0059,H2 2023,2,Needs Improvement,FALSE
EMP0047,H1 2023,2,Exceeds Expectations,FALSE
EMP0243,H1 2023,2,Exceeds Expectations,FALSE
EMP0466,Annual 2023,1,Meets Expectations,FALSE
EMP0108,Annual 2023,2,Meets Expectations,FALSE
EMP0434,H1 2023,1,Needs Improvement,TRUE
EMP0077,Annual 2023,4,Needs Improvement,FALSE
EMP0239,H2 2023,3,Meets Expectations,TRUE
EMP0168,H1 2023,2,Exceeds Expectations,FALSE
EMP0469,H2 2023,1,Exceeds Expectations,TRUE
EMP0020,H2 2023,2,Needs Improvement,FALSE
EMP0003,Annual 2023,4,Meets Expectations,TRUE
EMP0153,Annual 2023,1,Meets Expectations,FALSE
EMP0056,H2 2023,1,Meets Expectations,FALSE
EMP0305,H1 2023,3,Exceeds Expectations,FALSE
EMP0275,H2 2023,1,Needs Improvement,FALSE
EMP0238,H1 2023,3,Exceeds Expectations,FALSE
EMP0123,H1 2023,4,Meets Expectations,FALSE
EMP0198,H2 2023,2,Needs Improvement,TRUE
EMP0176,H1 2023,4,Exceeds Expectations,TRUE
EMP0270,H2 2023,4,Meets Expectations,TRUE
EMP0166,H1 2023,4,Meets Expectations,TRUE
EMP0108,H2 2023,4,Exceeds Expectations,FALSE
EMP0463,Annual 2023,3,Meets Expectations,FALSE
EMP0119,H2 2023,1,Meets Expectations,FALSE
EMP0392,Annual 2023,2,Needs Improvement,FALSE
EMP0327,H2 2023,1,Exceeds Expectations,FALSE
EMP0447,H1 2023,2,Exceeds Expectations,TRUE
EMP0077,H2 2023,2,Exceeds Expectations,FALSE
EMP0190,Annual 2023,2,Meets Expectations,TRUE
EMP0356,H1 2023,1,Meets Expectations,TRUE
EMP0410,H2 2023,4,Needs Improvement,TRUE
EMP0091,Annual 2023,3,Meets Expectations,TRUE
EMP0101,H2 2023,2,Needs Improvement,TRUE
EMP0338,Annual 2023,2,Exceeds Expectations,FALSE
EMP0020,H2 2023,3,Exceeds Expectations,TRUE
EMP0108,Annual 2023,4,Needs Improvement,FALSE
EMP0446,H2 2023,1,Meets Expectations,FALSE
EMP0303,H2 2023,2,Meets Expectations,FALSE
EMP0361,H1 2023,3,Needs Improvement,FALSE
EMP0418,H1 2023,1,Exceeds Expectations,TRUE
EMP0060,H2 2023,4,Meets Expectations,TRUE
EMP0401,H1 2023,3,Needs Improvement,FALSE
EMP0382,Annual 2023,4,Exceeds Expectations,TRUE
EMP0131,H1 2023,2,Exceeds Expectations,TRUE
EMP0305,H2 2023,2,Exceeds Expectations,FALSE
EMP0097,H1 2023,1,Exceeds Expectations,FALSE
EMP0366,H1 2023,3,Needs Improvement,FALSE
EMP0233,Annual 2023,1,Meets Expectations,TRUE
EMP0366,Annual 2023,2,Needs Improvement,TRUE
EMP0463,Annual 2023,4,Needs Improvement,FALSE
EMP0225,Annual 2023,3,Meets Expectations,FALSE
EMP0401,Annual 2023,4,Needs Improvement,TRUE
EMP0070,H2 2023,3,Needs Improvement,FALSE
EMP0384,H1 2023,3,Meets Expectations,TRUE
EMP0454,Annual 2023,3,Exceeds Expectations,TRUE
EMP0009,H2 2023,1,Meets Expectations,TRUE
EMP0348,H2 2023,3,Meets Expectations,FALSE
EMP0369,Annual 2023,3,Meets Expectations,FALSE
EMP0048,H1 2023,2,Needs Improvement,TRUE
EMP0446,Annual 2023,4,Meets Expectations,FALSE
EMP0013,H1 2023,4,Meets Expectations,FALSE
EMP0019,H1 2023,2,Exceeds Expectations,TRUE
EMP0259,Annual 2023,3,Meets Expectations,TRUE
EMP0068,H1 2023,1,Meets Expectations,FALSE
EMP0280,H1 2023,4,Meets Expectations,TRUE
EMP0426,H2 2023,4,Needs Improvement,FALSE
EMP0190,H2 2023,3,Exceeds Expectations,TRUE
EMP0119,H2 2023,1,Exceeds Expectations,FALSE
EMP0412,H2 2023,1,Needs Improvement,TRUE
EMP0104,H1 2023,2,Needs Improvement,FALSE
EMP0265,H2 2023,2,Meets Expectations,FALSE
EMP0255,H2 2023,3,Needs Improvement,FALSE
EMP0431,Annual 2023,1,Exceeds Expectations,FALSE
EMP0116,H1 2023,1,Needs Improvement,TRUE
EMP0436,H1 2023,1,Meets Expectations,TRUE
EMP0201,Annual 2023,2,Meets Expectations,TRUE
EMP0253,Annual 2023,4,Needs Improvement,TRUE
EMP0335,H2 2023,1,Meets Expectations,TRUE
EMP0321,H2 2023,2,Needs Improvement,TRUE
EMP0112,H1 2023,1,Meets Expectations,TRUE
EMP0382,H2 2023,3,Exceeds Expectations,FALSE
EMP0476,Annual 2023,2,Exceeds Expectations,FALSE
EMP0489,Annual 2023,2,Exceeds Expectations,FALSE
EMP0419,H2 2023,2,Exceeds Expectations,TRUE
EMP0254,Annual 2023,1,Exceeds Expectations,TRUE
EMP0259,H1 2023,1,Exceeds Expectations,FALSE
EMP0053,Annual 2023,2,Needs Improvement,TRUE
EMP0210,H2 2023,1,Exceeds Expectations,FALSE
EMP0292,H2 2023,3,Needs Improvement,FALSE
EMP0491,Annual 2023,4,Needs Improvement,FALSE
EMP0035,Annual 2023,3,Exceeds Expectations,FALSE
EMP0321,H2 2023,1,Exceeds Expectations,FALSE
EMP0185,H2 2023,4,Meets Expectations,FALSE
EMP0108,Annual 2023,4,Meets Expectations,TRUE
EMP0064,H1 2023,2,Needs Improvement,TRUE
EMP0034,Annual 2023,4,Exceeds Expectations,FALSE
EMP0157,H2 2023,2,Meets Expectations,FALSE
EMP0433,H2 2023,3,Exceeds Expectations,FALSE
EMP0330,Annual 2023,2,Needs Improvement,TRUE
EMP0244,H2 2023,1,Needs Improvement,TRUE
EMP0083,Annual 2023,1,Exceeds Expectations,FALSE
EMP0326,H2 2023,2,Exceeds Expectations,FALSE
EMP0007,H2 2023,2,Meets Expectations,FALSE
EMP0051,Annual 2023,4,Exceeds Expectations,TRUE
EMP0133,Annual 2023,2,Meets Expectations,FALSE
EMP0200,Annual 2023,4,Needs Improvement,TRUE
EMP0310,Annual 2023,3,Meets Expectations,FALSE
EMP0024,H2 2023,1,Meets Expectations,FALSE
EMP0455,Annual 2023,4,Needs Improvement,TRUE
EMP0040,H2 2023,3,Needs Improvement,TRUE
EMP0046,Annual 2023,2,Exceeds Expectations,FALSE
EMP0207,H1 2023,4,Needs Improvement,TRUE
EMP0047,H1 2023,4,Meets Expectations,TRUE
EMP0074,H1 2023,2,Meets Expectations,FALSE
EMP0389,H1 2023,3,Exceeds Expectations,FALSE
EMP0139,Annual 2023,2,Needs Improvement,FALSE
EMP0423,H1 2023,2,Exceeds Expectations,FALSE
EMP0024,H2 2023,1,Needs Improvement,FALSE
EMP0422,H1 2023,1,Needs Improvement,FALSE
EMP0414,H1 2023,3,Meets Expectations,TRUE
EMP0372,H1 2023,1,Exceeds Expectations,TRUE
EMP0223,H2 2023,2,Meets Expectations,FALSE
EMP0479,H1 2023,1,Needs Improvement,TRUE
EMP0423,Annual 2023,4,Exceeds Expectations,FALSE
EMP0442,Annual 2023,3,Needs Improvement,FALSE
EMP0144,H2 2023,2,Exceeds Expectations,TRUE
EMP0027,H2 2023,1,Meets Expectations,FALSE
EMP0430,H1 2023,4,Meets Expectations,FALSE
EMP0272,Annual 2023,1,Needs Improvement,TRUE
EMP0233,H2 2023,1,Needs Improvement,TRUE
EMP0319,Annual 2023,1,Exceeds Expectations,FALSE
EMP0347,Annual 2023,4,Meets Expectations,FALSE
EMP0243,Annual 2023,2,Needs Improvement,FALSE
EMP0087,Annual 2023,1,Exceeds Expectations,TRUE
EMP0489,H1 2023,1,Needs Improvement,TRUE
EMP0352,Annual 2023,4,Meets Expectations,FALSE
EMP0471,H2 2023,4,Exceeds Expectations,FALSE
EMP0066,Annual 2023,4,Needs Improvement,TRUE
EMP0396,H2 2023,1,Needs Improvement,TRUE
EMP0066,Annual 2023,1,Meets Expectations,FALSE
EMP0100,H1 2023,2,Exceeds Expectations,TRUE
EMP0377,Annual 2023,2,Meets Expectations,TRUE
EMP0361,H1 2023,4,Exceeds Expectations,FALSE
EMP0001,H1 2023,4,Meets Expectations,FALSE
EMP0225,H1 2023,3,Needs Improvement,TRUE
EMP0185,Annual 2023,2,Needs Improvement,FALSE
EMP0278,H2 2023,4,Needs Improvement,FALSE
EMP0258,H2 2023,3,Exceeds Expectations,FALSE
EMP0464,H2 2023,4,Exceeds Expectations,FALSE
EMP0391,H2 2023,2,Exceeds Expectations,TRUE
EMP0273,H1 2023,3,Meets Expectations,FALSE
EMP0360,Annual 2023,4,Meets Expectations,FALSE
EMP0355,H1 2023,4,Needs Improvement,FALSE
EMP0042,Annual 2023,4,Meets Expectations,TRUE
EMP0130,Annual 2023,4,Meets Expectations,FALSE
EMP0494,Annual 2023,2,Meets Expectations,FALSE
EMP0267,Annual 2023,3,Needs Improvement,FALSE
EMP0167,H1 2023,2,Meets Expectations,FALSE
EMP0360,H2 2023,3,Needs Improvement,FALSE
EMP0352,H1 2023,3,Needs Improvement,TRUE
EMP0327,Annual 2023,2,Meets Expectations,FALSE
EMP0402,Annual 2023,1,Needs Improvement,FALSE
EMP0298,H1 2023,4,Needs Improvement,FALSE
EMP0351,Annual 2023,2,Needs Improvement,TRUE
EMP0484,H1 2023,4,Meets Expectations,TRUE
EMP0472,H1 2023,3,Exceeds Expectations,TRUE
EMP0444,H2 2023,1,Exceeds Expectations,FALSE
EMP0164,H2 2023,1,Meets Expectations,FALSE
EMP0214,Annual 2023,4,Meets Expectations,FALSE
EMP0487,Annual 2023,2,Exceeds Expectations,FALSE
EMP0380,Annual 2023,2,Exceeds Expectations,FALSE
EMP0023,Annual 2023,4,Meets Expectations,FALSE
EMP0125,H1 2023,3,Needs Improvement,FALSE
EMP0225,H2 2023,3,Exceeds Expectations,FALSE
EMP0334,H1 2023,2,Exceeds Expectations,FALSE
EMP0330,H2 2023,4,Needs Improvement,TRUE
EMP0413,H1 2023,3,Needs Improvement,TRUE
EMP0304,H1 2023,2,Meets Expectations,FALSE
EMP0094,H2 2023,1,Exceeds Expectations,TRUE
EMP0159,H2 2023,1,Meets Expectations,FALSE
EMP0398,Annual 2023,3,Exceeds Expectations,TRUE
EMP0018,H2 2023,1,Meets Expectations,FALSE
EMP0010,Annual 2023,3,Needs Improvement,FALSE
EMP0360,H2 2023,3,Meets Expectations,FALSE
EMP0054,H1 2023,3,Needs Improvement,FALSE
EMP0115,Annual 2023,4,Needs Improvement,FALSE
EMP0500,H2 2023,4,Needs Improvement,TRUE
EMP0169,H1 2023,4,Meets Expectations,FALSE
EMP0222,H1 2023,4,Meets Expectations,FALSE
EMP0460,H2 2023,2,Needs Improvement,TRUE
EMP0006,H1 2023,2,Meets Expectations,TRUE
EMP0064,H1 2023,1,Needs Improvement,TRUE
EMP0470,H2 2023,2,Exceeds Expectations,FALSE
EMP0318,Annual 2023,4,Exceeds Expectations,TRUE
EMP0135,H2 2023,1,Exceeds Expectations,TRUE
EMP0360,Annual 2023,2,Meets Expectations,TRUE
EMP0003,Annual 2023,1,Exceeds Expectations,FALSE
EMP0185,H2 2023,1,Exceeds Expectations,FALSE
EMP0474,H1 2023,4,Exceeds Expectations,TRUE
EMP0350,H1 2023,4,Needs Improvement,FALSE
EMP0320,H2 2023,2,Meets Expectations,FALSE
EMP0301,H1 2023,2,Needs Improvement,TRUE
EMP0122,H2 2023,1,Meets Expectations,FALSE
EMP0290,H2 2023,1,Needs Improvement,FALSE
EMP0184,Annual 2023,3,Needs Improvement,TRUE
EMP0364,Annual 2023,3,Meets Expectations,FALSE
EMP0429,H2 2023,2,Meets Expectations,TRUE
EMP0058,H1 2023,1,Meets Expectations,TRUE
EMP0213,H2 2023,2,Meets Expectations,TRUE
EMP0164,H2 2023,1,Exceeds Expectations,FALSE
EMP0454,H1 2023,4,Meets Expectations,TRUE
EMP0211,Annual 2023,3,Meets Expectations,TRUE
EMP0398,Annual 2023,1,Meets Expectations,FALSE
EMP0496,H2 2023,3,Meets Expectations,TRUE
EMP0403,H1 2023,2,Needs Improvement,TRUE
EMP0053,H2 2023,4,Needs Improvement,FALSE
EMP0462,Annual 2023,4,Exceeds Expectations,FALSE
EMP0202,H2 2023,2,Needs Improvement,TRUE
EMP0482,H2 2023,4,Meets Expectations,FALSE
EMP0136,H2 2023,3,Needs Improvement,TRUE
EMP0256,H2 2023,1,Needs Improvement,FALSE
EMP0234,H1 2023,3,Exceeds Expectations,TRUE
EMP0024,H2 2023,3,Needs Improvement,TRUE
EMP0442,H1 2023,1,Needs Improvement,FALSE
EMP0487,H2 2023,1,Meets Expectations,TRUE
EMP0006,H1 2023,1,Needs Improvement,FALSE
EMP0377,H1 2023,3,Needs Improvement,TRUE
EMP0326,Annual 2023,4,Exceeds Expectations,TRUE
EMP0055,H2 2023,1,Meets Expectations,FALSE
EMP0100,H1 2023,4,Needs Improvement,TRUE
EMP0141,H2 2023,4,Needs Improvement,TRUE
EMP0136,H1 2023,1,Needs Improvement,FALSE
EMP0295,H2 2023,2,Exceeds Expectations,TRUE
EMP0367,Annual 2023,2,Meets Expectations,FALSE
EMP0043,Annual 2023,2,Meets Expectations,TRUE
EMP0178,Annual 2023,2,Exceeds Expectations,FALSE
EMP0326,H1 2023,2,Meets Expectations,FALSE
EMP0004,H2 2023,3,Meets Expectations,FALSE
EMP0107,H2 2023,4,Needs Improvement,TRUE
EMP0187,Annual 2023,3,Exceeds Expectations,FALSE
EMP0476,H2 2023,4,Needs Improvement,FALSE
EMP0022,Annual 2023,4,Needs Improvement,TRUE
EMP0326,H2 2023,3,Meets Expectations,TRUE
EMP0023,H2 2023,2,Exceeds Expectations,FALSE
EMP0357,Annual 2023,3,Exceeds Expectations,TRUE
EMP0179,H1 2023,1,Meets Expectations,TRUE
EMP0088,H2 2023,3,Meets Expectations,TRUE
EMP0139,H2 2023,1,Exceeds Expectations,FALSE
EMP0011,H2 2023,3,Exceeds Expectations,TRUE
EMP0302,Annual 2023,1,Exceeds Expectations,TRUE
EMP0494,H2 2023,1,Needs Improvement,FALSE
EMP0033,Annual 2023,2,Needs Improvement,TRUE
EMP0415,H2 2023,1,Needs Improvement,FALSE
EMP0131,H1 2023,3,Exceeds Expectations,TRUE
EMP0498,H2 2023,2,Needs Improvement,TRUE
EMP0061,Annual 2023,1,Needs Improvement,TRUE
EMP0219,H1 2023,3,Meets Expectations,FALSE
EMP0355,H2 2023,2,Needs Improvement,FALSE
EMP0097,H1 2023,1,Needs Improvement,FALSE
EMP0287,Annual 2023,3,Exceeds Expectations,FALSE
EMP0221,H2 2023,1,Exceeds Expectations,TRUE
EMP0256,Annual 2023,1,Needs Improvement,FALSE
EMP0345,Annual 2023,4,Exceeds Expectations,FALSE
EMP0481,H2 2023,3,Needs Improvement,TRUE
EMP0458,H1 2023,2,Needs Improvement,TRUE
EMP0376,H2 2023,1,Needs Improvement,TRUE
EMP0264,H2 2023,3,Exceeds Expectations,TRUE
EMP0026,H2 2023,3,Meets Expectations,FALSE
EMP0447,H1 2023,1,Meets Expectations,TRUE
EMP0037,Annual 2023,1,Needs Improvement,FALSE
EMP0343,H1 2023,3,Exceeds Expectations,FALSE
EMP0011,H1 2023,3,Meets Expectations,TRUE
EMP0339,H2 2023,1,Exceeds Expectations,FALSE
EMP0185,H2 2023,2,Needs Improvement,TRUE
EMP0441,H1 2023,4,Exceeds Expectations,TRUE
EMP0355,Annual 2023,1,Needs Improvement,TRUE
EMP0484,H1 2023,2,Needs Improvement,FALSE
EMP0184,H1 2023,2,Exceeds Expectations,TRUE
EMP0388,H2 2023,3,Needs Improvement,TRUE
EMP0362,H1 2023,4,Meets Expectations,FALSE
EMP0158,H2 2023,4,Meets Expectations,TRUE
EMP0006,H1 2023,2,Exceeds Expectations,TRUE
EMP0455,H1 2023,3,Exceeds Expectations,TRUE
EMP0264,H1 2023,4,Exceeds Expectations,TRUE
EMP0398,Annual 2023,2,Exceeds Expectations,TRUE
EMP0495,H2 2023,4,Needs Improvement,FALSE
EMP0277,H1 2023,1,Meets Expectations,FALSE
EMP0422,H2 2023,1,Needs Improvement,TRUE
EMP0131,H2 2023,1,Exceeds Expectations,TRUE
EMP0282,H1 2023,4,Needs Improvement,TRUE
EMP0257,H1 2023,4,Needs Improvement,FALSE
EMP0398,Annual 2023,3,Exceeds Expectations,FALSE
EMP0317,H2 2023,1,Exceeds Expectations,TRUE
EMP0305,H1 2023,4,Exceeds Expectations,FALSE
EMP0143,Annual 2023,3,Needs Improvement,TRUE
EMP0259,Annual 2023,1,Exceeds Expectations,TRUE
EMP0435,H1 2023,3,Exceeds Expectations,FALSE
EMP0383,H2 2023,4,Needs Improvement,TRUE
EMP0411,H1 2023,2,Meets Expectations,FALSE
EMP0087,H2 2023,4,Meets Expectations,FALSE
EMP0012,H2 2023,1,Needs Improvement,TRUE
EMP0393,H1 2023,1,Meets Expectations,FALSE
EMP0342,Annual 2023,2,Exceeds Expectations,TRUE
EMP0104,Annual 2023,1,Meets Expectations,TRUE
EMP0464,H2 2023,3,Meets Expectations,FALSE
EMP0296,H1 2023,2,Exceeds Expectations,FALSE
EMP0075,H2 2023,1,Meets Expectations,FALSE
EMP0156,H1 2023,1,Needs Improvement,FALSE
EMP0291,Annual 2023,3,Exceeds Expectations,TRUE
EMP0396,H1 2023,2,Meets Expectations,FALSE
EMP0041,H1 2023,3,Needs Improvement,TRUE
EMP0478,H2 2023,3,Exceeds Expectations,FALSE
EMP0432,H1 2023,3,Needs Improvement,FALSE
EMP0228,H1 2023,3,Exceeds Expectations,TRUE
EMP0396,H2 2023,1,Exceeds Expectations,TRUE
EMP0335,H1 2023,2,Exceeds Expectations,TRUE
EMP0188,H2 2023,2,Needs Improvement,TRUE
EMP0247,Annual 2023,1,Needs Improvement,FALSE
EMP0285,H2 2023,4,Meets Expectations,TRUE
EMP0245,Annual 2023,3,Meets Expectations,TRUE
EMP0445,H1 2023,1,Exceeds Expectations,FALSE
EMP0232,H2 2023,1,Meets Expectations,TRUE
EMP0071,H2 2023,2,Exceeds Expectations,TRUE
EMP0173,H1 2023,4,Exceeds Expectations,TRUE
EMP0456,Annual 2023,3,Needs Improvement,FALSE
EMP0157,H1 2023,1,Needs Improvement,FALSE
EMP0227,H2 2023,3,Exceeds Expectations,TRUE
EMP0045,Annual 2023,3,Exceeds Expectations,TRUE
EMP0115,H1 2023,4,Needs Improvement,TRUE
EMP0211,H2 2023,2,Exceeds Expectations,TRUE
EMP0384,Annual 2023,4,Needs Improvement,FALSE
EMP0322,Annual 2023,3,Needs Improvement,TRUE
EMP0147,H2 2023,2,Exceeds Expectations,FALSE
EMP0039,Annual 2023,2,Exceeds Expectations,FALSE
EMP0303,Annual 2023,4,Exceeds Expectations,FALSE
EMP0213,H2 2023,1,Needs Improvement,FALSE
EMP0192,H2 2023,1,Meets Expectations,TRUE
EMP0484,H1 2023,2,Needs Improvement,FALSE
EMP0317,Annual 2023,1,Meets Expectations,FALSE
EMP0067,Annual 2023,3,Exceeds Expectations,FALSE
EMP0217,H1 2023,4,Exceeds Expectations,FALSE
EMP0474,H2 2023,2,Exceeds Expectations,FALSE
EMP0029,H1 2023,4,Meets Expectations,FALSE
EMP0018,H2 2023,3,Exceeds Expectations,FALSE
EMP0034,H2 2023,3,Exceeds Expectations,FALSE
EMP0224,Annual 2023,1,Meets Expectations,TRUE
EMP0201,H1 2023,3,Needs Improvement,FALSE
EMP0421,H2 2023,1,Meets Expectations,FALSE
EMP0250,H2 2023,3,Needs Improvement,FALSE
EMP0052,H1 2023,1,Exceeds Expectations,TRUE
EMP0089,H2 2023,1,Needs Improvement,FALSE
EMP0190,H2 2023,2,Exceeds Expectations,TRUE
EMP0081,H1 2023,4,Exceeds Expectations,TRUE
EMP0017,Annual 2023,1,Exceeds Expectations,TRUE
EMP0142,H2 2023,2,Exceeds Expectations,TRUE
EMP0385,Annual 2023,1,Exceeds Expectations,TRUE
EMP0473,H1 2023,3,Exceeds Expectations,TRUE
EMP0433,Annual 2023,4,Needs Improvement,FALSE
EMP0420,H2 2023,4,Meets Expectations,FALSE
EMP0108,H1 2023,1,Exceeds Expectations,TRUE
EMP0011,H1 2023,3,Exceeds Expectations,TRUE
EMP0013,H2 2023,1,Needs Improvement,FALSE
EMP0168,Annual 2023,3,Needs Improvement,FALSE
EMP0113,Annual 2023,2,Exceeds Expectations,TRUE
EMP0494,H1 2023,4,Needs Improvement,TRUE
EMP0175,Annual 2023,4,Exceeds Expectations,TRUE
EMP0423,H2 2023,3,Meets Expectations,TRUE
EMP0200,Annual 2023,2,Meets Expectations,FALSE
EMP0452,Annual 2023,1,Exceeds Expectations,FALSE
EMP0498,Annual 2023,1,Exceeds Expectations,FALSE
EMP0329,H2 2023,2,Meets Expectations,TRUE
EMP0261,Annual 2023,3,Meets Expectations,TRUE
EMP0042,Annual 2023,3,Needs Improvement,TRUE
